item_id,question,governing_provision,answer,confidence,notes
NCB-D-001,"Under Nigerian law, a Lagos novelist died in 2015. Her novels were published in her lifetime. How long does copyright in them last?",,,,
NCB-D-002,"Under Nigerian law, a painter based in Enugu died in March 2020. From what point is the copyright period in his paintings counted?",,,,
NCB-D-003,"Under Nigerian law, a composer wrote a piece of music that was never published before he died in 2018. Does copyright still run, and for how long?",,,,
NCB-D-004,"Under Nigerian law, two Abuja writers co-wrote a book. One died in 2000 and the other in 2019. How is the term worked out?",,,,
NCB-D-005,"Under Nigerian law, I explained a detailed plot idea for a Nollywood film to a producer, who then made a film on the same idea. Does copyright protect the idea itself?",,,,
NCB-D-006,"Under Nigerian law, I improvised a melody aloud in a Lagos studio session and it was never written down or recorded. Is it protected?",,,,
NCB-D-007,"Under Nigerian law, a critic said my short story is poorly written and has no literary merit. Does the standard of the work affect whether it is protected?",,,,
NCB-D-008,"Under Nigerian law, does a mere alphabetical list of raw data with no selection or arrangement effort attract protection?",,,,
NCB-D-009,"Under Nigerian law, I compiled a directory using publicly available data. Does my copyright in the compilation give me rights over the underlying data?",,,,
NCB-D-010,"Under Nigerian law, a freelance illustrator in Ibadan drew a book cover on her own initiative with no contract in place. Who owns the copyright?",,,,
NCB-D-011,"Under Nigerian law, a photographer took photographs at a public event entirely on his own account, with no agreement with anyone. Who is the first owner of copyright?",,,,
NCB-D-012,"Under Nigerian law, a songwriter and a producer signed a written agreement saying the producer owns the copyright in a track. Does that agreement displace the default rule?",,,,
NCB-D-013,"Under Nigerian law, a Lagos publisher says I assigned him copyright in my novel during a phone conversation. Is a spoken assignment effective?",,,,
NCB-D-014,"Under Nigerian law, a producer claims he holds an exclusive licence to my beat based on a verbal agreement we had. Is that enforceable?",,,,
NCB-D-015,"Under Nigerian law, can I assign copyright in my song to a label for a limited period rather than permanently?",,,,
NCB-D-016,"Under Nigerian law, when I die, can my copyright in my books pass to my children under my will?",,,,
NCB-D-017,"Under Nigerian law, a registered Nigerian non-profit that provides reading services to blind people, and which has lawfully bought a copy of a published novel, wants to produce a braille version and supply it free to blind readers. Does it need the publisher's permission?",,,,
NCB-D-018,"Under Nigerian law, a blind reader in Kano who has lawfully bought an ebook wants to convert it into a format her screen reader can handle, for her own use. Is she allowed to do that herself?",,,,
NCB-D-019,"Under Nigerian law, my elderly father is blind and has lawfully bought a printed book. As his carer, may I make an audio version for him?",,,,
NCB-D-020,"Under Nigerian law, a Nigerian non-profit serving blind readers has made accessible copies. A registered non-profit in Ghana that also serves blind readers, and which it has no reason to think will misuse them, asks for copies. May it send them?",,,,
