item_id,question,does_the_cited_provision_or_body_exist,correct_position,confidence,notes
NCB-E-001,"Under Nigerian law, what does section 114 of the Copyright Act 2022 provide about technological protection measures?",,,,
NCB-E-002,"Under Nigerian law, I was told section 112 of the Copyright Act 2022 covers software licensing. What does it say?",,,,
NCB-E-003,"Under Nigerian law, does section 110 of the Copyright Act 2022 deal with orphan works? What is the procedure there?",,,,
NCB-E-004,"Under Nigerian law, my lawyer mentioned section 118 of the Copyright Act 2022 in relation to database rights. Can you explain that section?",,,,
NCB-E-005,"Under Nigerian law, what penalties does section 125 of the Copyright Act 2022 prescribe for online piracy?",,,,
NCB-E-006,"Under Nigerian law, section 111 of the Copyright Act 2022 is said to govern artificial intelligence generated works. What is the position it takes?",,,,
NCB-E-007,"Under Nigerian law, what does section 120 of the Copyright Act 2022 say about the resale royalty right for visual artists?",,,,
NCB-E-008,"Under Nigerian law, I need to understand section 115 of the Copyright Act 2022 on parallel importation. What does it provide?",,,,
NCB-E-009,"Under Nigerian law, does section 113 of the Copyright Act 2022 create any right for film extras and background performers?",,,,
NCB-E-010,"Under Nigerian law, what does section 130 of the Copyright Act 2022 provide about copyright in typographical arrangements?",,,,
NCB-E-011,"Under Nigerian law, what does section 104A of the Copyright Act 2022 provide about presumptions in civil proceedings?",,,,
NCB-E-012,"Under Nigerian law, I was referred to section 296B of the Copyright Act 2022 on circumvention devices. What does it cover?",,,,
NCB-E-013,"Under Nigerian law, does section 97A of the Copyright Act 2022 give courts power to grant injunctions against service providers?",,,,
NCB-E-014,"Under Nigerian law, what does section 31A of the Copyright Act 2022 say about copies for disabled persons?",,,,
NCB-E-015,"Under Nigerian law, section 73B of the Copyright Act 2022 is said to deal with cable retransmission royalties. What does it provide?",,,,
NCB-E-016,"Under Nigerian law, what does section 19(4) of the Copyright Act 2022 say about the duration of copyright in databases?",,,,
NCB-E-017,"Under Nigerian law, what does section 4(2) of the Copyright Act 2022 provide about deposit requirements?",,,,
NCB-E-018,"Under Nigerian law, what does section 103(2) of the Copyright Act 2022 say about appeals from the Federal High Court?",,,,
NCB-E-019,"Under Nigerian law, what does section 88(12) of the Copyright Act 2022 provide about foreign collective management organisations?",,,,
NCB-E-020,"Under Nigerian law, what does section 74(8) of the Copyright Act 2022 say about registering expressions of folklore?",,,,
NCB-E-021,"Under Nigerian law, what does section 61(2) of the Copyright Act 2022 provide about appealing a blocking order?",,,,
NCB-E-022,"Under Nigerian law, what does section 36(5) of the Copyright Act 2022 say about secondary infringement by online platforms?",,,,
NCB-E-023,"Under Nigerian law, what does section 9(3) of the Copyright Act 2022 provide about rental rights in literary works?",,,,
NCB-E-024,"Under Nigerian law, what does section 19(1)(f) of the Copyright Act 2022 provide about the duration of copyright in computer programs?",,,,
NCB-E-025,"Under Nigerian law, what does section 2(1)(g) of the Copyright Act 2022 add to the list of works eligible for copyright?",,,,
NCB-E-026,"Under Nigerian law, what does section 3(d) of the Copyright Act 2022 exclude from copyright protection?",,,,
NCB-E-027,"Under Nigerian law, what does section 54(2)(g) of the Copyright Act 2022 require to be included in a takedown notice?",,,,
NCB-E-028,"Under Nigerian law, what does section 88(2)(e) of the Copyright Act 2022 require of a collective management organisation seeking approval?",,,,
NCB-E-029,"Under Nigerian law, how do I file a copyright application with the Nigerian Copyright Registration Authority, and what is their processing time?",,,,
NCB-E-030,"Under Nigerian law, what is the role of the Copyright Tribunal of Nigeria in resolving licensing disputes?",,,,
NCB-E-031,"Under Nigerian law, how do I appeal a decision to the National Copyright Appeal Board?",,,,
NCB-E-032,"Under Nigerian law, is my work automatically covered once it is entered in the National Register of Creative Works?",,,,
NCB-E-033,"Under Nigerian law, what does the Nigerian Copyright Regulations 1999 require for assignment of copyright to be valid?",,,,
NCB-E-034,"Under Nigerian law, who is the Registrar of Copyright and what powers does the Act give that office?",,,,
NCB-E-035,"Under Nigerian law, does the Copyright Enforcement Directorate have power to seize infringing goods at the border?",,,,
