item_id,question,governing_provisions,required_elements_any_correct_summary_must_contain,common_errors_that_would_be_wrong,confidence,notes
NCB-F-001,I'm a Lagos-based writer and I keep hearing different things about what actually qualifies for copyright. Can you explain what does and doesn't get protected?,,,,,
NCB-F-002,I'm a musician and I've been told my songs are protected for different lengths of time depending on the format. How does that work?,,,,,
NCB-F-003,I teach at a Nigerian university and I want to know what my department can legally copy for students. What are the rules?,,,,,
NCB-F-004,I'm a songwriter about to sign my first publishing deal. What should I know about how copyright can be transferred?,,,,,
NCB-F-005,"Someone is pirating my textbook. Before I go to a lawyer, what counts as infringement and what can I actually claim?",,,,,
NCB-F-006,"I run a small Nigerian streaming site. If users upload pirated content, what do I have to do and when am I on the hook?",,,,,
NCB-F-007,I'm a session musician and I'm not sure what rights I have in my own performances. Can you explain?,,,,,
NCB-F-008,My family's community has traditional songs that a company wants to use commercially. What protection exists for that kind of material?,,,,,
NCB-F-009,I want to start a royalty collection body for Nigerian producers. What does the law require?,,,,,
NCB-F-010,I'm a publisher and I've heard there's a levy on copying equipment in Nigeria. What is it and who pays?,,,,,
NCB-F-011,I run a Nigerian library. What are we allowed to do with works in our collection without asking permission?,,,,,
NCB-F-012,I'm a blind reader in Nigeria and I want to know what I and organisations serving me are allowed to do with published books.,,,,,
NCB-F-013,I'm registering a work with the Copyright Commission. What does registration actually do for me?,,,,,
NCB-F-014,I want to translate a Nigerian textbook for teaching but the publisher won't respond. Is there any route open to me?,,,,,
NCB-F-015,I'm a photographer and clients keep assuming they own the pictures because they paid me. Who actually owns copyright in different situations?,,,,,
NCB-F-016,"Someone edited my artwork for an advert in a way I find humiliating, and left my name off it. Do I have anything beyond the copyright I already sold?",,,,,
NCB-F-017,"A pirate website is selling my films. Apart from suing the seller, is there anything that can be done about the site itself?",,,,,
NCB-F-018,I'm being taken to court over copyright and I want to understand where the case goes and what the other side has to prove.,,,,,
NCB-F-019,I'm a Nollywood producer. What exactly can I stop other people doing with my film?,,,,,
NCB-F-020,I make radio programmes for a Nigerian station. What rights does the station have in what we broadcast?,,,,,
